{
  "stats": {
    "last_version": "1.10.2",
    "seen_versions": 1,
    "server_starts": 2,
    "prints_started": 9,
    "prints_cancelled": 0,
    "prints_errored": 0,
    "prints_finished": 1,
    "prints_started_per_weekday": {
      "6": 1,
      "0": 8
    },
    "print_duration_total": 6864.49669098109,
    "print_duration_cancelled": 0.0,
    "print_duration_errored": 0.0,
    "print_duration_finished": 602.0571399256587,
    "longest_print_duration": 602.0571399256587,
    "longest_print_date": 1728853682,
    "files_uploaded": 37,
    "files_deleted": 10,
    "plugins_installed": 0,
    "plugins_uninstalled": 0,
    "most_plugins": 20,
    "created": 1728575236,
    "created_version": "1.10.2"
  },
  "achievements": {
    "the_wizard": 1728575240,
    "one_small_step_for_man": 1728853682,
    "all_beginnings_are_hard": 1728900509,
    "one_of_those_days": 1728903992
  },
  "state": {
    "date_last_print": "2024-10-13",
    "prints_today": 1,
    "date_last_cancelled_print": "2024-10-14",
    "prints_cancelled_today": 16,
    "consecutive_prints_cancelled_today": 16,
    "file_last_print": "local:9,7mmGewinde.gcode:1728853080",
    "consecutive_prints_of_same_file": 1,
    "date_last_weekend_print": "2024-10-13",
    "consecutive_weekend_prints": 0
  }
}